Ticket ID,Ticket Description,Category
T001,"Dear customer service, I'm facing an issue related to the dashboard not loading properly. Thanks in advance.",Technical Issue
T002,"Dear customer service, I'm facing an issue related to recovering my locked account. Thanks in advance.",Account Issue
T003,"Hey, I'm confused about a slow performance problem after update. Thanks!",Technical Issue
T004,"Hello, I'd like to understand the app freezing during login. Thanks in advance.",Technical Issue
T005,"Hey, I'm not sure how to handle a delay in payment confirmation. Please get back to me soon.",Billing Issue
T006,"Hi team, Can someone explain updating my profile picture. Thanks!",Account Issue
T007,"Hello, I need some guidance regarding linking multiple accounts together. Please advise.",Account Issue
T008,"Hey, Could you help me with why my payment method was declined. Awaiting your reply.",Billing Issue
T009,"Dear support, I'm having trouble with a transaction that failed but was charged. Hoping to get this resolved quickly.",Billing Issue
T010,"Dear support, Can someone explain how notifications and alerts work. Please advise.",General Inquiry
T011,"Good afternoon, I'm facing an issue related to options for annual plans. Thanks in advance.",Product Inquiry
T012,"Dear customer service, I'm confused about recovering my locked account. Thanks in advance.",Account Issue
T013,"Dear customer service, Could you help me with the app freezing during login. Thank you for your time.",Technical Issue
T014,"Hello team, I'm facing an issue related to audio issues during calls. Would love your assistance.",Technical Issue
T015,"Hello team, I'm having trouble with a slow performance problem after update. Hoping to get this resolved quickly.",Technical Issue
T016,"Greetings, I'm facing an issue related to pricing for student discounts. Awaiting your reply.",Product Inquiry
T017,"Greetings, I’d like to ask about adding another payment method. Hoping to get this resolved quickly.",Account Issue
T018,"Hello, I’d like to ask about how to get more storage space. Looking forward to your response.",General Inquiry
T019,"Hey, Could you please check whether I can access multiple devices. Thanks!",General Inquiry
T020,"Hey there, I need some guidance regarding linking multiple accounts together. Please get back to me soon.",Account Issue
T021,"Dear customer service, Could you help me with a delay in payment confirmation. Thanks!",Billing Issue
T022,"Hey, I'd like to understand a transaction that failed but was charged. Thank you for your time.",Billing Issue
T023,"Dear support, I'm confused about if you provide API integration. Please advise.",Product Inquiry
T024,"Dear support, I need some guidance regarding how to download previous invoices. Thanks!",Billing Issue
T025,"Hi team, I'd like to understand refund status for my last payment. Looking forward to your response.",Billing Issue
T026,"Good afternoon, I'd like to understand how to download previous invoices. Hoping to get this resolved quickly.",Billing Issue
T027,"Hey there, I'm not sure how to handle frequent disconnections during sessions. Would love your assistance.",Technical Issue
T028,"Dear customer service, I'm confused about how to get a trial license key. Would love your assistance.",Product Inquiry
T029,"Dear customer service, I'm confused about a transaction that failed but was charged. Awaiting your reply.",Billing Issue
T030,"Good afternoon, Could you help me with why updates stop halfway. Awaiting your reply.",Technical Issue
T031,"Hi team, I'd like to understand updating my profile picture. Hoping to get this resolved quickly.",Account Issue
T032,"Hey, I'm not sure how to handle if you provide API integration. Awaiting your reply.",Product Inquiry
T033,"Hi, I’d like to ask about why updates stop halfway. Please get back to me soon.",Technical Issue
T034,"Hey there, I'm facing an issue related to why updates stop halfway. Would love your assistance.",Technical Issue
T035,"Dear support, I'm facing an issue related to the dashboard not loading properly. Appreciate your help.",Technical Issue
T036,"Hey there, I’d like to ask about why my account was deactivated. Thank you for your time.",Account Issue
T037,"Hi, I'm not sure how to handle a double charge I noticed on my statement. Appreciate your help.",Billing Issue
T038,"Dear customer service, I'd like to understand your subscription upgrade process. Please advise.",General Inquiry
T039,"Hello team, I need some guidance regarding incorrect tax showing in my invoice. Appreciate your help.",Billing Issue
T040,"Dear support, I need some guidance regarding how notifications and alerts work. Would love your assistance.",General Inquiry
T041,"Hi team, I'd like to understand what happens after cancelling my plan. Thanks in advance.",General Inquiry
T042,"Hey, I'm having trouble with getting a receipt for the last order. Please get back to me soon.",Billing Issue
T043,"Hey, I'm confused about what happens after cancelling my plan. Would love your assistance.",General Inquiry
T044,"Dear customer service, I'd like to understand how to contact your customer care directly. Hoping to get this resolved quickly.",General Inquiry
T045,"Good afternoon, Can someone explain removing a connected social account. Please get back to me soon.",Account Issue
T046,"Hello team, I need some guidance regarding options for annual plans. Appreciate your help.",Product Inquiry
T047,"Dear customer service, I'm not sure how to handle recovering my locked account. Thanks!",Account Issue
T048,"Hello, I'd like to understand a double charge I noticed on my statement. Thank you for your time.",Billing Issue
T049,"Dear customer service, I'd like to understand trouble installing the latest patch. Awaiting your reply.",Technical Issue
T050,"Hey there, Can someone explain crashes when exporting data. Thanks!",Technical Issue
T051,"Hey, I'm facing an issue related to getting a receipt for the last order. Thanks in advance.",Billing Issue
T052,"Greetings, I'm not sure how to handle removing a connected social account. Hoping to get this resolved quickly.",Account Issue
T053,"Hello, Can someone explain getting a receipt for the last order. Would love your assistance.",Billing Issue
T054,"Hi, Can someone explain resetting my password. Thanks in advance.",Account Issue
T055,"Hello team, Can someone explain trouble installing the latest patch. Hoping to get this resolved quickly.",Technical Issue
T056,"Dear support, Could you please check what happens after cancelling my plan. Looking forward to your response.",General Inquiry
T057,"Hi, I'm not sure how to handle removing a connected social account. Please get back to me soon.",Account Issue
T058,"Good afternoon, I'm confused about the app freezing during login. Appreciate your help.",Technical Issue
T059,"Hey there, I'm facing an issue related to whether your service supports business accounts. Would love your assistance.",Product Inquiry
T060,"Greetings, I'm not sure how to handle options for annual plans. Please get back to me soon.",Product Inquiry
T061,"Dear support, I need some guidance regarding crashes when exporting data. Would love your assistance.",Technical Issue
T062,"Hey there, I’d like to ask about compatibility with Android phones. Appreciate your help.",Product Inquiry
T063,"Dear customer service, I'm facing an issue related to two-factor authentication setup. Would love your assistance.",Account Issue
T064,"Dear customer service, Can someone explain getting a receipt for the last order. Thanks!",Billing Issue
T065,"Hey there, I’d like to ask about refund status for my last payment. Hoping to get this resolved quickly.",Billing Issue
T066,"Hey there, I'm confused about changing my registered email. Thank you for your time.",Account Issue
T067,"Dear support, I’d like to ask about removing a connected social account. Would love your assistance.",Account Issue
T068,"Dear support, Can someone explain removing a connected social account. Would love your assistance.",Account Issue
T069,"Hey there, I’d like to ask about the app freezing during login. Please get back to me soon.",Technical Issue
T070,"Greetings, I'm confused about feature comparison between standard and premium plans. Please get back to me soon.",Product Inquiry
T071,"Hi team, Could you help me with if you provide API integration. Appreciate your help.",Product Inquiry
T072,"Good afternoon, Can someone explain frequent disconnections during sessions. Hoping to get this resolved quickly.",Technical Issue
T073,"Greetings, I'm not sure how to handle availability of your latest device version. Appreciate your help.",Product Inquiry
T074,"Hello, I'm having trouble with getting a receipt for the last order. Appreciate your help.",Billing Issue
T075,"Good afternoon, I'm not sure how to handle how to contact your customer care directly. Hoping to get this resolved quickly.",General Inquiry
T076,"Hi, I'm facing an issue related to whether I can access multiple devices. Please advise.",General Inquiry
T077,"Hello, Could you help me with the dashboard not loading properly. Please advise.",Technical Issue
T078,"Dear customer service, I'm facing an issue related to the app freezing during login. Looking forward to your response.",Technical Issue
T079,"Hi, Could you please check recovering my locked account. Thanks!",Account Issue
T080,"Greetings, I'd like to understand why my account was deactivated. Please get back to me soon.",Account Issue
T081,"Greetings, Could you help me with error code 504 appearing on screen. Thanks!",Technical Issue
T082,"Hello, I'm having trouble with where to find company policies. Thanks in advance.",General Inquiry
T083,"Hi team, Could you please check pricing for student discounts. Please get back to me soon.",Product Inquiry
T084,"Dear support, I'm facing an issue related to the duration of your free trial. Hoping to get this resolved quickly.",General Inquiry
T085,"Greetings, Can someone explain changing my registered email. Thanks!",Account Issue
T086,"Hi, Could you help me with changing my registered email. Thanks in advance.",Account Issue
T087,"Greetings, I'd like to understand the app freezing during login. Thanks in advance.",Technical Issue
T088,"Hello team, Can someone explain recovering my locked account. Looking forward to your response.",Account Issue
T089,"Greetings, Could you help me with why my account was deactivated. Thanks!",Account Issue
T090,"Hey there, I'm facing an issue related to two-factor authentication setup. Looking forward to your response.",Account Issue
T091,"Hello team, I’d like to ask about how to get more storage space. Looking forward to your response.",General Inquiry
T092,"Hello, I'm facing an issue related to how to get a trial license key. Please advise.",Product Inquiry
T093,"Hey there, I need some guidance regarding a slow performance problem after update. Thanks!",Technical Issue
T094,"Hi team, I'd like to understand recovering my locked account. Looking forward to your response.",Account Issue
T095,"Hi team, I'd like to understand the app freezing during login. Thanks in advance.",Technical Issue
T096,"Hey, I'm having trouble with adding another payment method. Appreciate your help.",Account Issue
T097,"Greetings, I'm facing an issue related to changing my registered email. Awaiting your reply.",Account Issue
T098,"Hello, I'm not sure how to handle a slow performance problem after update. Looking forward to your response.",Technical Issue
T099,"Hello, I'm confused about where to find company policies. Appreciate your help.",General Inquiry
T100,"Hey there, Could you help me with audio issues during calls. Would love your assistance.",Technical Issue
T101,"Greetings, Can someone explain availability of your latest device version. Thanks in advance.",Product Inquiry
T102,"Hey, I'm not sure how to handle compatibility with Android phones. Appreciate your help.",Product Inquiry
T103,"Hey, I’d like to ask about pricing for student discounts. Hoping to get this resolved quickly.",Product Inquiry
T104,"Dear support, I'm having trouble with how to refer a friend for discounts. Would love your assistance.",General Inquiry
T105,"Hello, Can someone explain why my payment method was declined. Appreciate your help.",Billing Issue
T106,"Hello team, Could you help me with what happens after cancelling my plan. Awaiting your reply.",General Inquiry
T107,"Good afternoon, I'm facing an issue related to what happens after cancelling my plan. Looking forward to your response.",General Inquiry
T108,"Dear support, I'm not sure how to handle removing a connected social account. Please get back to me soon.",Account Issue
T109,"Greetings, Could you please check whether I can access multiple devices. Appreciate your help.",General Inquiry
T110,"Hi team, I'm having trouble with pricing for student discounts. Awaiting your reply.",Product Inquiry
T111,"Good afternoon, Can someone explain crashes when exporting data. Thank you for your time.",Technical Issue
T112,"Hi team, I'd like to understand updating my profile picture. Please get back to me soon.",Account Issue
T113,"Hi team, I'm facing an issue related to how to get a trial license key. Would love your assistance.",Product Inquiry
T114,"Hello team, Could you help me with adding another payment method. Awaiting your reply.",Account Issue
T115,"Hi, I'm facing an issue related to feature comparison between standard and premium plans. Thanks!",Product Inquiry
T116,"Hi, I'm confused about a delay in payment confirmation. Please advise.",Billing Issue
T117,"Dear support, I need some guidance regarding trouble installing the latest patch. Please get back to me soon.",Technical Issue
T118,"Greetings, I'm not sure how to handle a double charge I noticed on my statement. Please get back to me soon.",Billing Issue
T119,"Dear support, I'm facing an issue related to how to get a trial license key. Please get back to me soon.",Product Inquiry
T120,"Hey, Could you please check crashes when exporting data. Looking forward to your response.",Technical Issue
T121,"Hi team, I'm not sure how to handle a double charge I noticed on my statement. Looking forward to your response.",Billing Issue
T122,"Hello, Could you please check availability of your latest device version. Would love your assistance.",Product Inquiry
T123,"Hi, I need some guidance regarding sync not working across devices. Thanks in advance.",Technical Issue
T124,"Hey, I'd like to understand error code 504 appearing on screen. Hoping to get this resolved quickly.",Technical Issue
T125,"Good afternoon, Can someone explain sync not working across devices. Thanks in advance.",Technical Issue
T126,"Hey there, Could you help me with two-factor authentication setup. Thank you for your time.",Account Issue
T127,"Good afternoon, Can someone explain upcoming updates or releases. Would love your assistance.",Product Inquiry
T128,"Dear support, I'm not sure how to handle differences between the basic and premium plans. Appreciate your help.",General Inquiry
T129,"Dear support, I'd like to understand why updates stop halfway. Thanks!",Technical Issue
T130,"Hi, I'm not sure how to handle updating my profile picture. Thanks in advance.",Account Issue
T131,"Good afternoon, I'm not sure how to handle audio issues during calls. Would love your assistance.",Technical Issue
T132,"Hi, I'm confused about adding another payment method. Please advise.",Account Issue
T133,"Dear customer service, I'd like to understand why my login keeps failing. Awaiting your reply.",Account Issue
T134,"Good afternoon, Can someone explain crashes when exporting data. Thanks!",Technical Issue
T135,"Hello team, I’d like to ask about resetting my password. Hoping to get this resolved quickly.",Account Issue
T136,"Dear customer service, I'm confused about the dashboard not loading properly. Please get back to me soon.",Technical Issue
T137,"Dear support, I'm facing an issue related to whether I can access multiple devices. Thanks!",General Inquiry
T138,"Dear support, I'm facing an issue related to audio issues during calls. Thank you for your time.",Technical Issue
T139,"Hey there, I'm confused about resetting my password. Please get back to me soon.",Account Issue
T140,"Hi team, I'd like to understand linking multiple accounts together. Please advise.",Account Issue
T141,"Hello team, Could you please check adding another payment method. Would love your assistance.",Account Issue
T142,"Hello team, I'm confused about how to update billing information. Would love your assistance.",Billing Issue
T143,"Hello, I'm not sure how to handle how to refer a friend for discounts. Please advise.",General Inquiry
T144,"Hey, I'm confused about upcoming updates or releases. Appreciate your help.",Product Inquiry
T145,"Greetings, I’d like to ask about feature comparison between standard and premium plans. Thanks in advance.",Product Inquiry
T146,"Hi, I’d like to ask about sync not working across devices. Awaiting your reply.",Technical Issue
T147,"Hello team, I'm having trouble with why my payment method was declined. Looking forward to your response.",Billing Issue
T148,"Dear customer service, I'm having trouble with whether your service supports business accounts. Thanks in advance.",Product Inquiry
T149,"Greetings, I need some guidance regarding compatibility with Android phones. Appreciate your help.",Product Inquiry
T150,"Greetings, I need some guidance regarding how to refer a friend for discounts. Thanks in advance.",General Inquiry
T151,"Hi team, I'm confused about a slow performance problem after update. Thanks in advance.",Technical Issue
T152,"Good afternoon, I'm not sure how to handle changing my registered email. Would love your assistance.",Account Issue
T153,"Hi team, I'm not sure how to handle recovering my locked account. Hoping to get this resolved quickly.",Account Issue
T154,"Hi team, I need some guidance regarding where to find company policies. Appreciate your help.",General Inquiry
T155,"Good afternoon, Could you help me with why my payment method was declined. Please get back to me soon.",Billing Issue
T156,"Greetings, I'm having trouble with what happens after cancelling my plan. Hoping to get this resolved quickly.",General Inquiry
T157,"Dear customer service, I’d like to ask about error code 504 appearing on screen. Please advise.",Technical Issue
T158,"Hey there, I'm having trouble with two-factor authentication setup. Appreciate your help.",Account Issue
T159,"Dear customer service, I'm not sure how to handle frequent disconnections during sessions. Thanks!",Technical Issue
T160,"Hello team, I'm confused about a transaction that failed but was charged. Thanks in advance.",Billing Issue
T161,"Hello, I'm confused about feature comparison between standard and premium plans. Hoping to get this resolved quickly.",Product Inquiry
T162,"Hey, I'm having trouble with getting a receipt for the last order. Thanks in advance.",Billing Issue
T163,"Hi, I'm facing an issue related to refund status for my last payment. Please get back to me soon.",Billing Issue
T164,"Dear customer service, I'm not sure how to handle differences between the basic and premium plans. Please get back to me soon.",General Inquiry
T165,"Greetings, I’d like to ask about two-factor authentication setup. Hoping to get this resolved quickly.",Account Issue
T166,"Hey there, I'm confused about refund status for my last payment. Thanks in advance.",Billing Issue
T167,"Good afternoon, Could you help me with the duration of your free trial. Thank you for your time.",General Inquiry
T168,"Hey there, I'm facing an issue related to how to update billing information. Thanks in advance.",Billing Issue
T169,"Dear customer service, I'd like to understand availability of your latest device version. Would love your assistance.",Product Inquiry
T170,"Hello team, Could you help me with trouble installing the latest patch. Appreciate your help.",Technical Issue
T171,"Hi team, Could you please check how to download previous invoices. Please get back to me soon.",Billing Issue
T172,"Good afternoon, Can someone explain if you provide API integration. Thanks in advance.",Product Inquiry
T173,"Greetings, I'm facing an issue related to sync not working across devices. Thank you for your time.",Technical Issue
T174,"Good afternoon, I'd like to understand how to contact your customer care directly. Thanks!",General Inquiry
T175,"Hi team, I'm having trouble with upcoming updates or releases. Looking forward to your response.",Product Inquiry
T176,"Hey there, I need some guidance regarding audio issues during calls. Looking forward to your response.",Technical Issue
T177,"Hi, I'm not sure how to handle options for annual plans. Looking forward to your response.",Product Inquiry
T178,"Dear customer service, Could you please check the dashboard not loading properly. Would love your assistance.",Technical Issue
T179,"Good afternoon, I need some guidance regarding whether your service supports business accounts. Thank you for your time.",Product Inquiry
T180,"Dear customer service, Could you help me with what happens after cancelling my plan. Would love your assistance.",General Inquiry
T181,"Good afternoon, Can someone explain a transaction that failed but was charged. Awaiting your reply.",Billing Issue
T182,"Hey, I'd like to understand differences between the basic and premium plans. Thanks in advance.",General Inquiry
T183,"Hey there, I’d like to ask about audio issues during calls. Hoping to get this resolved quickly.",Technical Issue
T184,"Greetings, I'm having trouble with adding another payment method. Thanks!",Account Issue
T185,"Dear support, I need some guidance regarding options for annual plans. Thank you for your time.",Product Inquiry
T186,"Dear customer service, Could you please check refund status for my last payment. Hoping to get this resolved quickly.",Billing Issue
T187,"Hey there, I'm confused about whether your service supports business accounts. Hoping to get this resolved quickly.",Product Inquiry
T188,"Good afternoon, I’d like to ask about how to update billing information. Thank you for your time.",Billing Issue
T189,"Hi, I'm facing an issue related to getting a receipt for the last order. Looking forward to your response.",Billing Issue
T190,"Dear support, I'm facing an issue related to if you provide API integration. Please advise.",Product Inquiry
T191,"Hello, Can someone explain resetting my password. Please get back to me soon.",Account Issue
T192,"Dear customer service, I'm facing an issue related to incorrect tax showing in my invoice. Please advise.",Billing Issue
T193,"Hey there, I'd like to understand trouble installing the latest patch. Thank you for your time.",Technical Issue
T194,"Good afternoon, I'm not sure how to handle compatibility with Android phones. Would love your assistance.",Product Inquiry
T195,"Hey there, I'm facing an issue related to how to get a trial license key. Please get back to me soon.",Product Inquiry
T196,"Hey there, I'm confused about a delay in payment confirmation. Awaiting your reply.",Billing Issue
T197,"Dear support, Can someone explain options for annual plans. Would love your assistance.",Product Inquiry
T198,"Hey there, I'm confused about audio issues during calls. Hoping to get this resolved quickly.",Technical Issue
T199,"Hello, I need some guidance regarding adding another payment method. Hoping to get this resolved quickly.",Account Issue
T200,"Hi team, I'm not sure how to handle a subscription fee that seems higher than expected. Looking forward to your response.",Billing Issue
T201,"Good afternoon, I'm facing an issue related to refund status for my last payment. Awaiting your reply.",Billing Issue
T202,"Good afternoon, I’d like to ask about updating my profile picture. Thank you for your time.",Account Issue
T203,"Hello, I'm facing an issue related to if you provide API integration. Looking forward to your response.",Product Inquiry
T204,"Hi, Can someone explain recovering my locked account. Thanks in advance.",Account Issue
T205,"Hey, I'd like to understand frequent disconnections during sessions. Thank you for your time.",Technical Issue
T206,"Dear support, I need some guidance regarding sync not working across devices. Awaiting your reply.",Technical Issue
T207,"Hello team, I’d like to ask about adding another payment method. Thank you for your time.",Account Issue
T208,"Dear customer service, Could you please check error code 504 appearing on screen. Please get back to me soon.",Technical Issue
T209,"Hi team, Can someone explain removing a connected social account. Thank you for your time.",Account Issue
T210,"Hello, I'm having trouble with sync not working across devices. Thank you for your time.",Technical Issue
T211,"Hi team, I'm not sure how to handle linking multiple accounts together. Awaiting your reply.",Account Issue
T212,"Hi, I'm having trouble with feature comparison between standard and premium plans. Looking forward to your response.",Product Inquiry
T213,"Hello, Could you help me with a transaction that failed but was charged. Please advise.",Billing Issue
T214,"Hi team, I'm having trouble with the app freezing during login. Thanks in advance.",Technical Issue
T215,"Hi, Could you please check differences between the basic and premium plans. Would love your assistance.",General Inquiry
T216,"Hello, Can someone explain a slow performance problem after update. Please advise.",Technical Issue
T217,"Good afternoon, I'm not sure how to handle linking multiple accounts together. Thanks!",Account Issue
T218,"Good afternoon, I’d like to ask about why my login keeps failing. Hoping to get this resolved quickly.",Account Issue
T219,"Good afternoon, Can someone explain why my payment method was declined. Would love your assistance.",Billing Issue
T220,"Dear support, Could you please check updating my profile picture. Hoping to get this resolved quickly.",Account Issue
T221,"Hello, Could you please check linking multiple accounts together. Looking forward to your response.",Account Issue
T222,"Dear customer service, I'm having trouble with why my account was deactivated. Appreciate your help.",Account Issue
T223,"Dear support, I'd like to understand a subscription fee that seems higher than expected. Looking forward to your response.",Billing Issue
T224,"Dear support, I'm facing an issue related to whether your service supports business accounts. Would love your assistance.",Product Inquiry
T225,"Dear customer service, I'm not sure how to handle if you provide API integration. Please get back to me soon.",Product Inquiry
T226,"Hey there, I’d like to ask about resetting my password. Hoping to get this resolved quickly.",Account Issue
T227,"Hi, I'm having trouble with why my login keeps failing. Awaiting your reply.",Account Issue
T228,"Dear support, I need some guidance regarding sync not working across devices. Thanks!",Technical Issue
T229,"Hello team, Could you please check how to refer a friend for discounts. Would love your assistance.",General Inquiry
T230,"Good afternoon, I'm not sure how to handle pricing for student discounts. Looking forward to your response.",Product Inquiry
T231,"Dear support, I'm having trouble with availability of your latest device version. Hoping to get this resolved quickly.",Product Inquiry
T232,"Greetings, I'm not sure how to handle adding another payment method. Awaiting your reply.",Account Issue
T233,"Good afternoon, I'm having trouble with why my payment method was declined. Would love your assistance.",Billing Issue
T234,"Hello team, I need some guidance regarding a double charge I noticed on my statement. Thanks!",Billing Issue
T235,"Hi, I'm facing an issue related to a slow performance problem after update. Please advise.",Technical Issue
T236,"Greetings, I'm facing an issue related to sync not working across devices. Appreciate your help.",Technical Issue
T237,"Greetings, Could you please check how notifications and alerts work. Hoping to get this resolved quickly.",General Inquiry
T238,"Greetings, I need some guidance regarding sync not working across devices. Awaiting your reply.",Technical Issue
T239,"Greetings, I need some guidance regarding how notifications and alerts work. Thank you for your time.",General Inquiry
T240,"Hello, I'm not sure how to handle upcoming updates or releases. Thanks in advance.",Product Inquiry
T241,"Dear support, Could you help me with your subscription upgrade process. Would love your assistance.",General Inquiry
T242,"Good afternoon, I need some guidance regarding refund status for my last payment. Please advise.",Billing Issue
T243,"Dear support, Could you help me with how to get a trial license key. Thanks!",Product Inquiry
T244,"Hey, I’d like to ask about options for annual plans. Hoping to get this resolved quickly.",Product Inquiry
T245,"Hey, I'm facing an issue related to how to get more storage space. Would love your assistance.",General Inquiry
T246,"Hey, I'm having trouble with whether I can access multiple devices. Looking forward to your response.",General Inquiry
T247,"Hello team, I'm confused about incorrect tax showing in my invoice. Please advise.",Billing Issue
T248,"Hello team, Can someone explain incorrect tax showing in my invoice. Thank you for your time.",Billing Issue
T249,"Hey there, Can someone explain how notifications and alerts work. Please advise.",General Inquiry
T250,"Hey there, I'm not sure how to handle a subscription fee that seems higher than expected. Looking forward to your response.",Billing Issue
T251,"Dear customer service, I'm not sure how to handle what happens after cancelling my plan. Looking forward to your response.",General Inquiry
T252,"Dear customer service, Could you please check error code 504 appearing on screen. Awaiting your reply.",Technical Issue
T253,"Dear customer service, I'm having trouble with recovering my locked account. Please get back to me soon.",Account Issue
T254,"Hey, I'm confused about incorrect tax showing in my invoice. Would love your assistance.",Billing Issue
T255,"Hello, I’d like to ask about whether accessories are included. Please get back to me soon.",Product Inquiry
T256,"Good afternoon, Can someone explain audio issues during calls. Would love your assistance.",Technical Issue
T257,"Hi team, Could you help me with sync not working across devices. Would love your assistance.",Technical Issue
T258,"Hey, I'm having trouble with changing my registered email. Please get back to me soon.",Account Issue
T259,"Greetings, I'm having trouble with feature comparison between standard and premium plans. Please get back to me soon.",Product Inquiry
T260,"Good afternoon, I need some guidance regarding whether your service supports business accounts. Looking forward to your response.",Product Inquiry
T261,"Hello team, Could you please check error code 504 appearing on screen. Looking forward to your response.",Technical Issue
T262,"Hello team, I'm having trouble with sync not working across devices. Please advise.",Technical Issue
T263,"Hi team, I'm having trouble with if you provide API integration. Thank you for your time.",Product Inquiry
T264,"Dear support, I'm confused about how to download previous invoices. Please advise.",Billing Issue
T265,"Hello team, I'm confused about whether your service supports business accounts. Please get back to me soon.",Product Inquiry
T266,"Hello, Could you please check how to download previous invoices. Awaiting your reply.",Billing Issue
T267,"Dear support, I'm facing an issue related to how to download previous invoices. Thanks in advance.",Billing Issue
T268,"Hey there, Could you please check your subscription upgrade process. Thanks in advance.",General Inquiry
T269,"Hi, Could you help me with adding another payment method. Please advise.",Account Issue
T270,"Good afternoon, Can someone explain how to contact your customer care directly. Appreciate your help.",General Inquiry
T271,"Dear support, Can someone explain a subscription fee that seems higher than expected. Hoping to get this resolved quickly.",Billing Issue
T272,"Hello team, I'm not sure how to handle sync not working across devices. Thanks in advance.",Technical Issue
T273,"Dear customer service, Could you please check feature comparison between standard and premium plans. Would love your assistance.",Product Inquiry
T274,"Greetings, I'm not sure how to handle resetting my password. Please advise.",Account Issue
T275,"Hi team, I'm facing an issue related to removing a connected social account. Hoping to get this resolved quickly.",Account Issue
T276,"Hey, I need some guidance regarding updating my profile picture. Appreciate your help.",Account Issue
T277,"Hey, I'm confused about a double charge I noticed on my statement. Thank you for your time.",Billing Issue
T278,"Good afternoon, I need some guidance regarding why my account was deactivated. Awaiting your reply.",Account Issue
T279,"Hello, Can someone explain why my login keeps failing. Appreciate your help.",Account Issue
T280,"Hi, I'm confused about whether accessories are included. Hoping to get this resolved quickly.",Product Inquiry
T281,"Dear customer service, I'm having trouble with the duration of your free trial. Appreciate your help.",General Inquiry
T282,"Hey there, I'm having trouble with your subscription upgrade process. Awaiting your reply.",General Inquiry
T283,"Hello, Can someone explain your subscription upgrade process. Appreciate your help.",General Inquiry
T284,"Hi, I’d like to ask about options for annual plans. Thanks!",Product Inquiry
T285,"Greetings, I’d like to ask about the app freezing during login. Appreciate your help.",Technical Issue
T286,"Good afternoon, I'm confused about refund status for my last payment. Awaiting your reply.",Billing Issue
T287,"Hey, I'd like to understand a slow performance problem after update. Appreciate your help.",Technical Issue
T288,"Hey there, I'd like to understand two-factor authentication setup. Thank you for your time.",Account Issue
T289,"Dear customer service, Could you help me with availability of your latest device version. Please get back to me soon.",Product Inquiry
T290,"Dear support, I'm facing an issue related to incorrect tax showing in my invoice. Please advise.",Billing Issue
T291,"Greetings, Could you help me with upcoming updates or releases. Awaiting your reply.",Product Inquiry
T292,"Greetings, I need some guidance regarding recovering my locked account. Appreciate your help.",Account Issue
T293,"Dear customer service, Could you help me with where to find company policies. Awaiting your reply.",General Inquiry
T294,"Good afternoon, I'm confused about your subscription upgrade process. Would love your assistance.",General Inquiry
T295,"Good afternoon, I'm not sure how to handle a subscription fee that seems higher than expected. Thank you for your time.",Billing Issue
T296,"Hi team, I'm not sure how to handle changing my registered email. Hoping to get this resolved quickly.",Account Issue
T297,"Hey, I'm having trouble with a delay in payment confirmation. Awaiting your reply.",Billing Issue
T298,"Hello team, I'd like to understand a subscription fee that seems higher than expected. Looking forward to your response.",Billing Issue
T299,"Dear support, I need some guidance regarding changing my registered email. Would love your assistance.",Account Issue
T300,"Dear support, I’d like to ask about how to contact your customer care directly. Please advise.",General Inquiry
T301,"Hey, Could you please check how to update billing information. Awaiting your reply.",Billing Issue
T302,"Hello, I'm not sure how to handle frequent disconnections during sessions. Would love your assistance.",Technical Issue
T303,"Hi, Could you please check what happens after cancelling my plan. Awaiting your reply.",General Inquiry
T304,"Hi team, Could you help me with the app freezing during login. Thanks!",Technical Issue
T305,"Good afternoon, Could you help me with recovering my locked account. Thank you for your time.",Account Issue
T306,"Hello team, I'm facing an issue related to a double charge I noticed on my statement. Hoping to get this resolved quickly.",Billing Issue
T307,"Dear support, I’d like to ask about the duration of your free trial. Awaiting your reply.",General Inquiry
T308,"Good afternoon, Can someone explain resetting my password. Please advise.",Account Issue
T309,"Hey, I’d like to ask about whether accessories are included. Please advise.",Product Inquiry
T310,"Hi, I'm having trouble with linking multiple accounts together. Thank you for your time.",Account Issue
T311,"Dear support, I'm facing an issue related to a double charge I noticed on my statement. Hoping to get this resolved quickly.",Billing Issue
T312,"Good afternoon, Could you help me with how to update billing information. Looking forward to your response.",Billing Issue
T313,"Dear support, I'm having trouble with how to get a trial license key. Thanks!",Product Inquiry
T314,"Hi, I'm having trouble with crashes when exporting data. Thank you for your time.",Technical Issue
T315,"Hi team, I need some guidance regarding why my payment method was declined. Appreciate your help.",Billing Issue
T316,"Hey there, Can someone explain your subscription upgrade process. Appreciate your help.",General Inquiry
T317,"Dear support, Could you help me with a slow performance problem after update. Looking forward to your response.",Technical Issue
T318,"Hey there, I'm confused about how notifications and alerts work. Would love your assistance.",General Inquiry
T319,"Dear support, Could you help me with what happens after cancelling my plan. Looking forward to your response.",General Inquiry
T320,"Good afternoon, I'd like to understand how to get a trial license key. Looking forward to your response.",Product Inquiry
T321,"Dear customer service, Could you please check a transaction that failed but was charged. Awaiting your reply.",Billing Issue
T322,"Hi, I need some guidance regarding resetting my password. Hoping to get this resolved quickly.",Account Issue
T323,"Dear customer service, I'm not sure how to handle a transaction that failed but was charged. Hoping to get this resolved quickly.",Billing Issue
T324,"Good afternoon, I’d like to ask about refund status for my last payment. Would love your assistance.",Billing Issue
T325,"Greetings, I'm not sure how to handle resetting my password. Would love your assistance.",Account Issue
T326,"Dear customer service, I'm confused about how to get more storage space. Awaiting your reply.",General Inquiry
T327,"Hi, I'm confused about how to get more storage space. Awaiting your reply.",General Inquiry
T328,"Hi, Could you please check changing my registered email. Would love your assistance.",Account Issue
T329,"Hi team, I'd like to understand where to find company policies. Thank you for your time.",General Inquiry
T330,"Hello, I'd like to understand why my account was deactivated. Looking forward to your response.",Account Issue
T331,"Hi team, I'm confused about whether I can access multiple devices. Awaiting your reply.",General Inquiry
T332,"Hi, I'm not sure how to handle a double charge I noticed on my statement. Would love your assistance.",Billing Issue
T333,"Dear support, I'd like to understand resetting my password. Thanks!",Account Issue
T334,"Hey, I’d like to ask about the dashboard not loading properly. Appreciate your help.",Technical Issue
T335,"Hello, Could you help me with adding another payment method. Thanks in advance.",Account Issue
T336,"Hi team, I'd like to understand how to update billing information. Appreciate your help.",Billing Issue
T337,"Hey, Could you please check linking multiple accounts together. Looking forward to your response.",Account Issue
T338,"Hello team, I’d like to ask about sync not working across devices. Looking forward to your response.",Technical Issue
T339,"Greetings, I’d like to ask about how to refer a friend for discounts. Awaiting your reply.",General Inquiry
T340,"Hello team, I’d like to ask about upcoming updates or releases. Appreciate your help.",Product Inquiry
T341,"Hey, I need some guidance regarding trouble installing the latest patch. Hoping to get this resolved quickly.",Technical Issue
T342,"Dear support, I'm confused about whether your service supports business accounts. Thanks in advance.",Product Inquiry
T343,"Good afternoon, I'm facing an issue related to audio issues during calls. Thank you for your time.",Technical Issue
T344,"Hey there, I'd like to understand what happens after cancelling my plan. Please get back to me soon.",General Inquiry
T345,"Hey, I'm facing an issue related to crashes when exporting data. Please advise.",Technical Issue
T346,"Dear customer service, I need some guidance regarding incorrect tax showing in my invoice. Please advise.",Billing Issue
T347,"Hey, I'm having trouble with linking multiple accounts together. Thanks in advance.",Account Issue
T348,"Hi team, I'd like to understand a slow performance problem after update. Appreciate your help.",Technical Issue
T349,"Hi team, I'm not sure how to handle pricing for student discounts. Thanks!",Product Inquiry
T350,"Hey there, Could you help me with removing a connected social account. Please get back to me soon.",Account Issue
T351,"Hey, I'd like to understand how to get more storage space. Would love your assistance.",General Inquiry
T352,"Dear support, I’d like to ask about linking multiple accounts together. Thanks!",Account Issue
T353,"Good afternoon, I'm having trouble with compatibility with Android phones. Please advise.",Product Inquiry
T354,"Good afternoon, I'd like to understand the duration of your free trial. Thanks in advance.",General Inquiry
T355,"Good afternoon, Could you please check linking multiple accounts together. Thanks!",Account Issue
T356,"Good afternoon, Can someone explain why my payment method was declined. Appreciate your help.",Billing Issue
T357,"Hey there, I'm facing an issue related to sync not working across devices. Please get back to me soon.",Technical Issue
T358,"Hey there, I'm facing an issue related to the app freezing during login. Thanks!",Technical Issue
T359,"Greetings, I'm confused about error code 504 appearing on screen. Please advise.",Technical Issue
T360,"Hey there, I'd like to understand incorrect tax showing in my invoice. Looking forward to your response.",Billing Issue
T361,"Hey there, Could you please check audio issues during calls. Thanks in advance.",Technical Issue
T362,"Hey, Could you please check linking multiple accounts together. Please get back to me soon.",Account Issue
T363,"Good afternoon, I'm facing an issue related to adding another payment method. Please advise.",Account Issue
T364,"Greetings, I'm confused about removing a connected social account. Thanks!",Account Issue
T365,"Hi team, I need some guidance regarding feature comparison between standard and premium plans. Looking forward to your response.",Product Inquiry
T366,"Hey there, I’d like to ask about why my login keeps failing. Looking forward to your response.",Account Issue
T367,"Hello team, I need some guidance regarding compatibility with Android phones. Thank you for your time.",Product Inquiry
T368,"Hey, I'm having trouble with a double charge I noticed on my statement. Looking forward to your response.",Billing Issue
T369,"Hey there, I'm having trouble with changing my registered email. Appreciate your help.",Account Issue
T370,"Good afternoon, I'm having trouble with changing my registered email. Thank you for your time.",Account Issue
T371,"Hello, I’d like to ask about removing a connected social account. Awaiting your reply.",Account Issue
T372,"Hello team, I’d like to ask about incorrect tax showing in my invoice. Please get back to me soon.",Billing Issue
T373,"Dear customer service, I'd like to understand frequent disconnections during sessions. Would love your assistance.",Technical Issue
T374,"Hello team, Could you help me with your subscription upgrade process. Awaiting your reply.",General Inquiry
T375,"Dear support, Can someone explain frequent disconnections during sessions. Thanks in advance.",Technical Issue
T376,"Hey, I'm facing an issue related to options for annual plans. Please advise.",Product Inquiry
T377,"Good afternoon, Can someone explain why my account was deactivated. Please get back to me soon.",Account Issue
T378,"Hey there, I'm not sure how to handle pricing for student discounts. Thanks!",Product Inquiry
T379,"Dear customer service, I'm facing an issue related to your subscription upgrade process. Hoping to get this resolved quickly.",General Inquiry
T380,"Hey there, I need some guidance regarding linking multiple accounts together. Thanks in advance.",Account Issue
T381,"Dear support, I need some guidance regarding whether I can access multiple devices. Thanks!",General Inquiry
T382,"Hello, I'd like to understand a subscription fee that seems higher than expected. Would love your assistance.",Billing Issue
T383,"Hello team, I'd like to understand differences between the basic and premium plans. Appreciate your help.",General Inquiry
T384,"Dear support, I'm having trouble with why updates stop halfway. Please get back to me soon.",Technical Issue
T385,"Hello, I need some guidance regarding whether your service supports business accounts. Would love your assistance.",Product Inquiry
T386,"Dear customer service, Can someone explain how notifications and alerts work. Please advise.",General Inquiry
T387,"Hey, I’d like to ask about why my login keeps failing. Thanks in advance.",Account Issue
T388,"Dear support, Can someone explain feature comparison between standard and premium plans. Hoping to get this resolved quickly.",Product Inquiry
T389,"Dear support, I'm not sure how to handle resetting my password. Thank you for your time.",Account Issue
T390,"Hello team, Can someone explain refund status for my last payment. Appreciate your help.",Billing Issue
T391,"Good afternoon, I'm confused about updating my profile picture. Would love your assistance.",Account Issue
T392,"Dear customer service, I need some guidance regarding the app freezing during login. Please get back to me soon.",Technical Issue
T393,"Hello, Could you help me with why my account was deactivated. Please get back to me soon.",Account Issue
T394,"Hey there, I'm facing an issue related to why my payment method was declined. Please get back to me soon.",Billing Issue
T395,"Greetings, I’d like to ask about updating my profile picture. Thank you for your time.",Account Issue
T396,"Greetings, I need some guidance regarding where to find company policies. Would love your assistance.",General Inquiry
T397,"Hey there, I'm not sure how to handle changing my registered email. Please get back to me soon.",Account Issue
T398,"Greetings, Could you please check whether your service supports business accounts. Thanks!",Product Inquiry
T399,"Good afternoon, I’d like to ask about the duration of your free trial. Appreciate your help.",General Inquiry
T400,"Hello, Can someone explain crashes when exporting data. Hoping to get this resolved quickly.",Technical Issue
T401,"Dear support, Can someone explain getting a receipt for the last order. Please advise.",Billing Issue
T402,"Hi, I'm having trouble with changing my registered email. Please advise.",Account Issue
T403,"Hello team, Could you help me with refund status for my last payment. Thanks!",Billing Issue
T404,"Hi team, Could you help me with differences between the basic and premium plans. Thanks in advance.",General Inquiry
T405,"Hey, I'm confused about whether accessories are included. Thanks in advance.",Product Inquiry
T406,"Hi, I'm facing an issue related to how to get more storage space. Thank you for your time.",General Inquiry
T407,"Hi team, I’d like to ask about the app freezing during login. Please advise.",Technical Issue
T408,"Dear customer service, Could you help me with why my payment method was declined. Please get back to me soon.",Billing Issue
T409,"Good afternoon, I need some guidance regarding the duration of your free trial. Would love your assistance.",General Inquiry
T410,"Hey there, I'm having trouble with frequent disconnections during sessions. Please advise.",Technical Issue
T411,"Hey there, I'd like to understand frequent disconnections during sessions. Hoping to get this resolved quickly.",Technical Issue
T412,"Good afternoon, I’d like to ask about the dashboard not loading properly. Thanks!",Technical Issue
T413,"Hey there, I'm facing an issue related to options for annual plans. Thank you for your time.",Product Inquiry
T414,"Hey, Could you help me with what happens after cancelling my plan. Awaiting your reply.",General Inquiry
T415,"Greetings, I'd like to understand if you provide API integration. Thank you for your time.",Product Inquiry
T416,"Hello, I'm having trouble with whether I can access multiple devices. Thanks in advance.",General Inquiry
T417,"Greetings, I'm having trouble with two-factor authentication setup. Looking forward to your response.",Account Issue
T418,"Dear customer service, I'd like to understand why updates stop halfway. Looking forward to your response.",Technical Issue
T419,"Dear support, I'd like to understand linking multiple accounts together. Appreciate your help.",Account Issue
T420,"Hi, Could you help me with differences between the basic and premium plans. Awaiting your reply.",General Inquiry
T421,"Hey there, I'm confused about what happens after cancelling my plan. Would love your assistance.",General Inquiry
T422,"Hi team, I'm having trouble with upcoming updates or releases. Awaiting your reply.",Product Inquiry
T423,"Hey there, I'm not sure how to handle how to update billing information. Would love your assistance.",Billing Issue
T424,"Dear support, I'm having trouble with the app freezing during login. Thanks in advance.",Technical Issue
T425,"Good afternoon, I'm facing an issue related to two-factor authentication setup. Hoping to get this resolved quickly.",Account Issue
T426,"Hello team, I need some guidance regarding trouble installing the latest patch. Thank you for your time.",Technical Issue
T427,"Hi team, Can someone explain upcoming updates or releases. Looking forward to your response.",Product Inquiry
T428,"Hi team, I'd like to understand trouble installing the latest patch. Thank you for your time.",Technical Issue
T429,"Hi team, I'm facing an issue related to a transaction that failed but was charged. Please advise.",Billing Issue
T430,"Greetings, I need some guidance regarding if you provide API integration. Looking forward to your response.",Product Inquiry
T431,"Hi team, I’d like to ask about sync not working across devices. Appreciate your help.",Technical Issue
T432,"Good afternoon, Could you please check resetting my password. Thanks in advance.",Account Issue
T433,"Good afternoon, I'm not sure how to handle pricing for student discounts. Awaiting your reply.",Product Inquiry
T434,"Hello team, I'm not sure how to handle how notifications and alerts work. Thank you for your time.",General Inquiry
T435,"Dear support, I'm having trouble with feature comparison between standard and premium plans. Would love your assistance.",Product Inquiry
T436,"Hello team, I'm facing an issue related to a delay in payment confirmation. Would love your assistance.",Billing Issue
T437,"Hi team, I'm having trouble with a double charge I noticed on my statement. Please advise.",Billing Issue
T438,"Hi, I'm facing an issue related to two-factor authentication setup. Please get back to me soon.",Account Issue
T439,"Dear customer service, I'm confused about adding another payment method. Thanks in advance.",Account Issue
T440,"Good afternoon, I'd like to understand differences between the basic and premium plans. Please advise.",General Inquiry
T441,"Hello, I'm not sure how to handle upcoming updates or releases. Hoping to get this resolved quickly.",Product Inquiry
T442,"Hi team, Can someone explain how notifications and alerts work. Hoping to get this resolved quickly.",General Inquiry
T443,"Hey there, I'm facing an issue related to a subscription fee that seems higher than expected. Thank you for your time.",Billing Issue
T444,"Hey there, I need some guidance regarding resetting my password. Appreciate your help.",Account Issue
T445,"Dear support, I'm having trouble with compatibility with Android phones. Please advise.",Product Inquiry
T446,"Hi team, I'm confused about getting a receipt for the last order. Awaiting your reply.",Billing Issue
T447,"Hi, I'm not sure how to handle incorrect tax showing in my invoice. Hoping to get this resolved quickly.",Billing Issue
T448,"Dear customer service, I'm not sure how to handle how notifications and alerts work. Looking forward to your response.",General Inquiry
T449,"Hello, I’d like to ask about a subscription fee that seems higher than expected. Awaiting your reply.",Billing Issue
T450,"Hey, Could you please check a transaction that failed but was charged. Please get back to me soon.",Billing Issue
T451,"Greetings, Could you help me with whether accessories are included. Hoping to get this resolved quickly.",Product Inquiry
T452,"Dear customer service, I'm not sure how to handle where to find company policies. Thanks in advance.",General Inquiry
T453,"Hey there, I'm having trouble with refund status for my last payment. Would love your assistance.",Billing Issue
T454,"Dear support, I need some guidance regarding what happens after cancelling my plan. Appreciate your help.",General Inquiry
T455,"Hey there, Can someone explain a slow performance problem after update. Please get back to me soon.",Technical Issue
T456,"Hello, I’d like to ask about audio issues during calls. Please get back to me soon.",Technical Issue
T457,"Good afternoon, I'm facing an issue related to where to find company policies. Thank you for your time.",General Inquiry
T458,"Hi, Could you please check options for annual plans. Would love your assistance.",Product Inquiry
T459,"Hi, I'm confused about how notifications and alerts work. Please advise.",General Inquiry
T460,"Hey, I'd like to understand resetting my password. Would love your assistance.",Account Issue
T461,"Dear customer service, Can someone explain compatibility with Android phones. Thanks in advance.",Product Inquiry
T462,"Hey, I'm having trouble with how notifications and alerts work. Would love your assistance.",General Inquiry
T463,"Hello, I'd like to understand how to get more storage space. Please advise.",General Inquiry
T464,"Hi, Could you help me with how to update billing information. Thank you for your time.",Billing Issue
T465,"Hello, I need some guidance regarding frequent disconnections during sessions. Please get back to me soon.",Technical Issue
T466,"Hey, Can someone explain linking multiple accounts together. Thank you for your time.",Account Issue
T467,"Dear customer service, I’d like to ask about adding another payment method. Thank you for your time.",Account Issue
T468,"Dear customer service, I'm confused about options for annual plans. Thanks in advance.",Product Inquiry
T469,"Dear support, I’d like to ask about refund status for my last payment. Awaiting your reply.",Billing Issue
T470,"Hey, I'm confused about options for annual plans. Awaiting your reply.",Product Inquiry
T471,"Dear customer service, Could you help me with trouble installing the latest patch. Please advise.",Technical Issue
T472,"Hi team, I'm not sure how to handle if you provide API integration. Thanks in advance.",Product Inquiry
T473,"Hi, I’d like to ask about how to update billing information. Thanks in advance.",Billing Issue
T474,"Hi team, Can someone explain audio issues during calls. Thank you for your time.",Technical Issue
T475,"Dear customer service, I'm confused about options for annual plans. Appreciate your help.",Product Inquiry
T476,"Dear customer service, I’d like to ask about the duration of your free trial. Please advise.",General Inquiry
T477,"Hey, Could you help me with how to refer a friend for discounts. Thanks!",General Inquiry
T478,"Hello, I need some guidance regarding differences between the basic and premium plans. Please advise.",General Inquiry
T479,"Dear support, I'm having trouble with frequent disconnections during sessions. Looking forward to your response.",Technical Issue
T480,"Hey there, I need some guidance regarding the duration of your free trial. Appreciate your help.",General Inquiry
T481,"Dear customer service, Can someone explain how to download previous invoices. Please advise.",Billing Issue
T482,"Good afternoon, Can someone explain error code 504 appearing on screen. Would love your assistance.",Technical Issue
T483,"Hello team, Can someone explain differences between the basic and premium plans. Thanks!",General Inquiry
T484,"Hey there, I'm having trouble with availability of your latest device version. Please get back to me soon.",Product Inquiry
T485,"Hello, I need some guidance regarding how notifications and alerts work. Please get back to me soon.",General Inquiry
T486,"Hello team, I’d like to ask about whether I can access multiple devices. Would love your assistance.",General Inquiry
T487,"Dear customer service, I’d like to ask about how to get a trial license key. Please get back to me soon.",Product Inquiry
T488,"Hi team, I'm facing an issue related to options for annual plans. Please get back to me soon.",Product Inquiry
T489,"Hello, I need some guidance regarding why updates stop halfway. Appreciate your help.",Technical Issue
T490,"Dear customer service, Can someone explain why my payment method was declined. Looking forward to your response.",Billing Issue
T491,"Hello team, I need some guidance regarding the app freezing during login. Please get back to me soon.",Technical Issue
T492,"Hello, I need some guidance regarding adding another payment method. Thanks in advance.",Account Issue
T493,"Dear customer service, Can someone explain updating my profile picture. Hoping to get this resolved quickly.",Account Issue
T494,"Hi, I'm facing an issue related to options for annual plans. Would love your assistance.",Product Inquiry
T495,"Greetings, Could you please check updating my profile picture. Thank you for your time.",Account Issue
T496,"Greetings, I'm confused about sync not working across devices. Appreciate your help.",Technical Issue
T497,"Hi, I need some guidance regarding the dashboard not loading properly. Please advise.",Technical Issue
T498,"Hey there, Could you help me with how to contact your customer care directly. Hoping to get this resolved quickly.",General Inquiry
T499,"Hi team, Can someone explain differences between the basic and premium plans. Thank you for your time.",General Inquiry
T500,"Hi team, I'm not sure how to handle whether I can access multiple devices. Thank you for your time.",General Inquiry
